{
    "loss": 1.0169380903244019,
    "accuracy": 0.8717716336250305
}